job_id,submit_offset_h,gpu_hours,gpus,slack_h,submit_region,source
syn-0024,0.36,31.72,8,28,us-west-2,synthetic
syn-0335,0.64,12.09,4,8,eu-central-1,synthetic
syn-0451,0.89,7.29,1,12,eu-central-1,synthetic
syn-0206,1.15,1.1,1,26,ap-south-1,synthetic
syn-0303,1.34,0.82,1,13,us-west-2,synthetic
syn-0091,2.58,15.43,4,28,us-east-1,synthetic
syn-0131,3.5,26.73,4,55,ap-south-2,synthetic
syn-0436,3.77,0.42,1,5,ap-southeast-1,synthetic
syn-0040,3.98,0.7,1,13,eu-west-1,synthetic
syn-0417,5.18,16.06,1,65,eu-north-1,synthetic
syn-0076,5.48,1.07,1,26,eu-central-1,synthetic
syn-0005,7.7,0.78,1,5,eu-north-1,synthetic
syn-0471,8.02,1.04,1,50,ap-south-2,synthetic
syn-0099,8.24,5.28,1,30,eu-west-1,synthetic
syn-0026,8.42,16.93,8,27,ap-southeast-1,synthetic
syn-0057,8.45,0.58,1,13,us-east-1,synthetic
syn-0111,8.5,29.73,8,52,eu-central-1,synthetic
syn-0121,8.64,0.5,1,5,us-west-2,synthetic
syn-0437,9.39,2.24,1,27,eu-north-1,synthetic
syn-0137,9.56,2.98,1,15,ap-south-1,synthetic
syn-0115,10.22,3.74,1,52,ap-south-2,synthetic
syn-0316,10.24,2.25,1,51,ap-south-1,synthetic
syn-0193,10.46,0.82,1,25,eu-west-1,synthetic
syn-0155,10.55,2.37,1,27,ap-southeast-1,synthetic
syn-0248,10.63,1.94,1,14,eu-central-1,synthetic
syn-0157,11.37,1.4,1,26,eu-west-1,synthetic
syn-0027,11.51,0.47,4,25,ap-south-1,synthetic
syn-0498,11.57,1.05,1,6,us-east-1,synthetic
syn-0414,12.31,6.58,1,19,us-east-1,synthetic
syn-0232,12.49,2.54,1,7,eu-central-1,synthetic
syn-0277,12.69,4.11,4,26,eu-west-1,synthetic
syn-0130,13.08,1.27,1,14,us-east-1,synthetic
syn-0476,13.29,4.95,1,29,us-east-1,synthetic
syn-0292,13.85,2.3,2,26,eu-central-1,synthetic
syn-0074,14.31,1.4,1,26,us-east-1,synthetic
syn-0015,14.39,13.5,1,18,us-west-2,synthetic
syn-0244,14.4,11.91,4,7,ap-southeast-1,synthetic
syn-0339,14.4,3.56,1,52,us-east-1,synthetic
syn-0388,14.79,0.5,1,5,ap-south-1,synthetic
syn-0328,14.91,13.26,2,19,eu-central-1,synthetic
syn-0105,15.17,0.72,1,25,eu-north-1,synthetic
syn-0125,15.42,1.82,1,14,eu-west-1,synthetic
syn-0408,15.45,1.27,1,14,us-west-2,synthetic
syn-0034,15.51,2.75,1,27,us-east-1,synthetic
syn-0225,15.53,0.59,1,25,ap-south-2,synthetic
syn-0442,15.66,17.12,8,51,us-east-1,synthetic
syn-0311,15.91,14.87,4,8,us-east-1,synthetic
syn-0021,16.53,4.57,1,9,us-west-2,synthetic
syn-0450,16.85,30.47,4,32,ap-south-1,synthetic
syn-0003,17.17,1.39,1,6,us-west-2,synthetic
syn-0479,17.31,8.71,4,15,ap-south-2,synthetic
syn-0458,17.89,7.08,1,32,us-east-1,synthetic
syn-0098,17.92,0.62,1,5,us-east-1,synthetic
syn-0235,17.98,0.66,1,49,eu-north-1,synthetic
syn-0061,18.16,1.07,1,6,eu-central-1,synthetic
syn-0192,18.46,0.29,1,13,us-west-2,synthetic
syn-0154,18.68,0.53,1,25,us-west-2,synthetic
syn-0343,18.9,18.75,1,67,eu-west-1,synthetic
syn-0375,19.15,0.99,1,25,eu-central-1,synthetic
syn-0073,19.17,3.05,1,8,eu-north-1,synthetic
syn-0211,19.53,0.48,1,49,us-west-2,synthetic
syn-0017,20.33,2.43,1,15,ap-south-2,synthetic
syn-0419,20.7,6.65,1,19,eu-west-1,synthetic
syn-0478,21.01,10.64,1,23,us-east-1,synthetic
syn-0495,21.14,122.39,8,64,us-west-2,synthetic
syn-0113,22.14,9.34,4,15,ap-southeast-1,synthetic
syn-0159,22.41,8.48,1,33,us-west-2,synthetic
syn-0188,23.02,1.66,1,26,eu-west-1,synthetic
syn-0364,23.08,7.16,1,20,eu-west-1,synthetic
syn-0022,23.55,0.28,1,25,ap-south-1,synthetic
syn-0267,23.57,0.61,1,5,ap-southeast-1,synthetic
syn-0052,25.34,0.86,1,13,us-west-2,synthetic
syn-0136,25.36,1.25,1,6,ap-south-2,synthetic
syn-0230,25.61,6.27,1,31,eu-west-1,synthetic
syn-0011,25.68,5.23,2,27,us-west-2,synthetic
syn-0025,26.01,21.53,8,27,ap-south-1,synthetic
syn-0144,26.03,8.23,4,27,ap-south-1,synthetic
syn-0349,26.71,4.32,1,17,eu-west-1,synthetic
syn-0332,27.03,55.22,8,55,us-west-2,synthetic
syn-0006,27.33,11.95,2,10,ap-southeast-1,synthetic
syn-0331,27.33,4.77,4,50,ap-south-2,synthetic
syn-0273,27.88,1.4,1,26,eu-west-1,synthetic
syn-0424,28.33,22.04,4,18,eu-west-1,synthetic
syn-0336,28.7,4.69,1,17,us-west-2,synthetic
syn-0321,29.49,2.39,1,15,eu-west-1,synthetic
syn-0129,29.52,4.01,2,51,ap-south-2,synthetic
syn-0326,29.85,9.24,2,29,ap-south-1,synthetic
syn-0327,30.59,13.59,4,8,us-west-2,synthetic
syn-0487,30.64,5.28,2,27,eu-central-1,synthetic
syn-0467,31.44,6.62,1,11,us-east-1,synthetic
syn-0357,31.64,4.88,1,17,ap-southeast-1,synthetic
syn-0042,31.93,2.39,1,27,eu-central-1,synthetic
syn-0162,32.11,20.47,4,10,eu-west-1,synthetic
syn-0421,32.65,6.9,4,14,ap-south-2,synthetic
syn-0454,32.72,4.84,1,29,eu-west-1,synthetic
syn-0268,32.78,3.12,1,16,us-west-2,synthetic
syn-0059,33.49,0.29,1,25,eu-central-1,synthetic
syn-0398,33.75,0.89,1,49,ap-southeast-1,synthetic
syn-0083,34.2,11.25,8,6,eu-central-1,synthetic
syn-0402,34.27,1.62,1,26,eu-central-1,synthetic
syn-0462,34.74,2.55,1,7,ap-south-2,synthetic
syn-0468,35.37,4.65,1,9,ap-southeast-1,synthetic
syn-0371,35.48,4.46,1,29,ap-south-1,synthetic
syn-0420,35.57,3.77,4,25,eu-north-1,synthetic
syn-0009,35.72,10.65,4,7,eu-north-1,synthetic
syn-0109,36.5,0.25,1,25,ap-south-1,synthetic
syn-0279,36.6,0.25,1,13,ap-southeast-1,synthetic
syn-0355,36.66,3.33,1,8,eu-west-1,synthetic
syn-0100,36.79,13.18,1,38,ap-southeast-1,synthetic
syn-0002,37.03,13.39,4,8,eu-west-1,synthetic
syn-0133,37.22,3.25,1,8,eu-west-1,synthetic
syn-0216,37.41,0.69,1,25,us-east-1,synthetic
syn-0428,37.52,2.05,2,26,us-east-1,synthetic
syn-0354,37.59,56.17,8,20,us-east-1,synthetic
syn-0122,37.67,3.07,4,25,us-east-1,synthetic
syn-0299,38.37,4.56,1,17,us-east-1,synthetic
syn-0008,38.48,1.21,1,50,eu-west-1,synthetic
syn-0489,39.11,1.35,1,26,eu-west-1,synthetic
syn-0112,39.14,10.05,4,51,ap-southeast-1,synthetic
syn-0047,39.46,18.64,4,53,eu-central-1,synthetic
syn-0305,40.01,8.27,1,33,eu-west-1,synthetic
syn-0029,40.1,2.42,2,26,ap-south-2,synthetic
syn-0455,40.2,1.32,1,26,ap-south-1,synthetic
syn-0351,40.65,9.0,1,33,eu-west-1,synthetic
syn-0219,41.12,2.64,1,27,ap-southeast-1,synthetic
syn-0169,41.93,3.99,2,26,eu-north-1,synthetic
syn-0422,42.12,6.67,1,31,eu-central-1,synthetic
syn-0058,42.38,0.96,1,25,ap-south-1,synthetic
syn-0158,42.61,2.95,4,25,eu-west-1,synthetic
syn-0392,42.72,4.32,1,53,eu-central-1,synthetic
syn-0362,43.77,5.48,4,26,ap-south-2,synthetic
syn-0207,43.94,3.43,1,8,eu-north-1,synthetic
syn-0079,45.28,6.92,4,50,ap-southeast-1,synthetic
syn-0301,45.57,2.07,1,7,ap-south-1,synthetic
syn-0051,46.13,1.12,1,26,ap-southeast-1,synthetic
syn-0067,46.41,14.75,8,26,us-west-2,synthetic
syn-0088,47.52,0.54,1,13,us-east-1,synthetic
syn-0352,47.89,68.48,1,117,eu-central-1,synthetic
syn-0156,48.93,2.32,1,27,eu-west-1,synthetic
syn-0095,49.29,2.26,1,27,ap-southeast-1,synthetic
syn-0369,50.1,5.13,2,51,ap-southeast-1,synthetic
syn-0054,50.17,27.85,4,31,eu-central-1,synthetic
syn-0492,50.2,0.9,1,5,eu-north-1,synthetic
syn-0070,51.51,1.17,2,49,ap-southeast-1,synthetic
syn-0142,52.01,40.78,4,59,ap-south-2,synthetic
syn-0119,52.51,1.91,1,6,us-east-1,synthetic
syn-0229,52.57,9.97,4,27,eu-north-1,synthetic
syn-0308,52.76,4.66,1,17,ap-south-2,synthetic
syn-0287,52.84,0.4,1,25,eu-north-1,synthetic
syn-0307,53.43,0.25,1,25,ap-southeast-1,synthetic
syn-0488,53.87,10.44,8,14,ap-south-1,synthetic
syn-0065,54.15,8.02,8,26,us-east-1,synthetic
syn-0102,54.89,1.26,1,14,ap-southeast-1,synthetic
syn-0165,55.09,3.13,1,16,us-west-2,synthetic
syn-0377,55.54,5.62,2,7,ap-south-2,synthetic
syn-0141,56.0,3.5,1,28,ap-south-2,synthetic
syn-0066,56.51,1.93,1,14,eu-north-1,synthetic
syn-0163,56.96,1.3,2,13,ap-south-2,synthetic
syn-0359,57.65,6.29,2,52,eu-west-1,synthetic
syn-0280,57.75,1.85,1,50,us-west-2,synthetic
syn-0258,57.95,0.82,1,13,eu-central-1,synthetic
syn-0097,58.06,3.36,2,50,eu-central-1,synthetic
syn-0457,58.38,8.59,1,21,ap-south-1,synthetic
syn-0444,58.89,62.63,8,20,eu-north-1,synthetic
syn-0134,58.98,2.41,2,6,ap-south-2,synthetic
syn-0037,59.42,20.83,4,10,ap-southeast-1,synthetic
syn-0376,60.13,5.02,1,30,us-west-2,synthetic
syn-0425,60.27,0.49,1,49,ap-southeast-1,synthetic
syn-0430,60.28,0.61,1,5,eu-central-1,synthetic
syn-0317,60.33,8.3,1,21,ap-southeast-1,synthetic
syn-0370,60.35,53.26,8,19,ap-southeast-1,synthetic
syn-0255,60.4,2.59,1,27,eu-west-1,synthetic
syn-0379,60.52,0.34,1,13,us-west-2,synthetic
syn-0174,60.63,1.08,1,14,us-east-1,synthetic
syn-0429,61.13,7.35,1,12,ap-southeast-1,synthetic
syn-0043,61.19,2.62,2,50,eu-north-1,synthetic
syn-0185,61.48,0.62,1,5,us-west-2,synthetic
syn-0284,61.75,4.24,1,9,ap-south-1,synthetic
syn-0452,62.3,13.72,2,31,eu-north-1,synthetic
syn-0296,62.47,12.59,4,52,eu-west-1,synthetic
syn-0312,62.54,4.84,2,51,ap-south-1,synthetic
syn-0432,63.28,0.9,1,49,eu-west-1,synthetic
syn-0406,63.37,0.44,1,13,eu-west-1,synthetic
syn-0215,63.42,33.57,8,53,ap-south-2,synthetic
syn-0004,63.59,34.8,4,33,ap-south-2,synthetic
syn-0117,63.99,2.03,1,27,ap-south-2,synthetic
syn-0475,64.02,1.92,2,49,eu-west-1,synthetic
syn-0039,64.27,0.48,1,49,eu-central-1,synthetic
syn-0480,65.49,3.58,2,26,ap-southeast-1,synthetic
syn-0197,66.28,13.73,4,52,eu-north-1,synthetic
syn-0485,66.32,2.95,2,14,us-east-1,synthetic
syn-0227,66.63,1.0,1,25,eu-north-1,synthetic
syn-0110,66.89,5.98,1,30,ap-south-1,synthetic
syn-0240,66.91,0.32,1,13,ap-southeast-1,synthetic
syn-0223,68.59,2.18,1,15,ap-southeast-1,synthetic
syn-0234,69.1,4.36,2,27,us-east-1,synthetic
syn-0275,69.15,4.9,1,9,ap-southeast-1,synthetic
syn-0473,69.18,6.14,2,28,ap-southeast-1,synthetic
syn-0221,69.48,3.62,1,8,us-east-1,synthetic
syn-0435,69.66,3.56,1,28,us-east-1,synthetic
syn-0053,69.85,10.62,1,35,us-east-1,synthetic
syn-0266,70.26,0.46,1,25,ap-southeast-1,synthetic
syn-0283,70.95,0.95,1,5,eu-west-1,synthetic
syn-0400,70.96,1.61,1,6,eu-north-1,synthetic
syn-0282,72.11,1.17,1,26,us-west-2,synthetic
syn-0262,72.16,0.55,1,25,ap-south-2,synthetic
syn-0415,72.75,4.73,2,27,ap-south-1,synthetic
syn-0094,72.91,12.62,2,31,ap-south-1,synthetic
syn-0132,73.37,1.66,1,50,eu-west-1,synthetic
syn-0171,74.78,9.56,2,17,ap-south-2,synthetic
syn-0338,74.89,1.05,1,6,ap-south-2,synthetic
syn-0068,75.29,1.61,1,26,eu-west-1,synthetic
syn-0153,75.37,0.25,1,25,us-east-1,synthetic
syn-0182,75.53,1.06,1,50,us-west-2,synthetic
syn-0472,75.58,9.14,1,22,ap-south-1,synthetic
syn-0089,76.5,4.41,1,17,us-east-1,synthetic
syn-0085,77.52,7.92,4,26,eu-north-1,synthetic
syn-0148,77.56,8.08,1,57,ap-southeast-1,synthetic
syn-0082,77.61,3.04,1,16,ap-south-1,synthetic
syn-0060,78.13,10.79,1,15,eu-north-1,synthetic
syn-0080,78.96,0.89,1,13,us-west-2,synthetic
syn-0209,79.1,2.11,2,26,ap-south-2,synthetic
syn-0318,79.24,1.16,1,14,eu-central-1,synthetic
syn-0086,79.33,0.53,1,25,ap-southeast-1,synthetic
syn-0363,79.33,3.87,1,16,ap-southeast-1,synthetic
syn-0069,79.51,3.76,1,28,eu-north-1,synthetic
syn-0373,79.7,5.51,2,27,eu-north-1,synthetic
syn-0050,79.75,5.48,1,30,eu-central-1,synthetic
syn-0461,80.06,7.98,4,26,eu-north-1,synthetic
syn-0445,80.16,6.59,4,26,ap-south-1,synthetic
syn-0482,80.92,1.14,1,6,ap-south-1,synthetic
syn-0356,80.93,1.32,1,26,eu-north-1,synthetic
syn-0103,80.95,2.93,2,50,ap-southeast-1,synthetic
syn-0385,80.96,22.73,2,16,ap-southeast-1,synthetic
syn-0382,81.09,4.75,1,29,ap-southeast-1,synthetic
syn-0383,81.16,7.18,4,26,ap-south-1,synthetic
syn-0127,81.59,3.28,1,16,eu-north-1,synthetic
syn-0411,81.78,2.86,2,6,ap-south-1,synthetic
syn-0433,81.79,4.01,2,7,ap-south-2,synthetic
syn-0055,82.02,1.12,1,26,ap-southeast-1,synthetic
syn-0269,82.1,3.77,1,16,eu-north-1,synthetic
syn-0497,82.34,1.13,1,50,ap-southeast-1,synthetic
syn-0231,82.42,1.05,4,13,ap-south-1,synthetic
syn-0072,82.47,1.82,1,6,ap-south-1,synthetic
syn-0251,82.49,0.63,1,13,ap-south-2,synthetic
syn-0330,82.84,0.54,1,49,eu-central-1,synthetic
syn-0135,83.01,2.52,4,25,eu-west-1,synthetic
syn-0090,83.22,6.56,1,55,us-west-2,synthetic
syn-0314,83.35,0.25,1,13,us-west-2,synthetic
syn-0228,83.54,11.54,8,50,eu-west-1,synthetic
syn-0096,83.61,3.1,1,28,us-west-2,synthetic
syn-0183,83.79,9.37,1,58,eu-central-1,synthetic
syn-0470,83.93,8.88,4,27,eu-north-1,synthetic
syn-0341,84.35,17.84,4,9,us-west-2,synthetic
syn-0220,84.65,14.33,4,28,eu-west-1,synthetic
syn-0399,84.65,0.72,1,13,us-east-1,synthetic
syn-0396,84.69,69.95,8,13,us-east-1,synthetic
syn-0386,84.94,0.25,1,13,eu-west-1,synthetic
syn-0233,84.96,8.43,2,17,us-west-2,synthetic
syn-0044,85.2,4.27,1,9,us-east-1,synthetic
syn-0360,85.23,17.61,4,9,ap-southeast-1,synthetic
syn-0257,85.79,2.52,1,15,ap-southeast-1,synthetic
syn-0298,85.81,4.06,4,26,ap-south-2,synthetic
syn-0046,85.88,52.41,8,19,eu-west-1,synthetic
syn-0397,86.07,0.59,1,25,eu-central-1,synthetic
syn-0246,86.09,2.52,1,27,us-east-1,synthetic
syn-0310,86.26,1.48,1,26,eu-central-1,synthetic
syn-0434,86.44,0.46,1,49,eu-central-1,synthetic
syn-0205,86.57,2.13,2,14,eu-central-1,synthetic
syn-0261,86.69,1.58,1,26,ap-southeast-1,synthetic
syn-0431,87.0,2.74,1,27,ap-southeast-1,synthetic
syn-0259,87.55,4.01,1,9,ap-south-1,synthetic
syn-0443,87.7,2.14,1,51,us-east-1,synthetic
syn-0210,88.29,0.66,1,5,us-west-2,synthetic
syn-0128,88.52,13.98,1,26,ap-south-2,synthetic
syn-0014,89.1,1.41,1,50,ap-south-2,synthetic
syn-0147,89.71,5.8,4,14,us-west-2,synthetic
syn-0007,89.74,3.02,1,16,ap-south-1,synthetic
syn-0213,90.92,38.83,4,22,ap-southeast-1,synthetic
syn-0463,90.97,3.01,1,52,eu-north-1,synthetic
syn-0270,92.35,0.55,1,5,us-west-2,synthetic
syn-0172,92.4,0.26,1,25,ap-southeast-1,synthetic
syn-0407,92.43,11.01,2,30,ap-southeast-1,synthetic
syn-0177,92.54,2.24,1,7,ap-southeast-1,synthetic
syn-0222,93.38,2.98,1,27,us-east-1,synthetic
syn-0224,93.62,0.47,1,49,eu-west-1,synthetic
syn-0187,93.72,2.68,1,7,ap-south-1,synthetic
syn-0035,94.23,23.52,8,7,eu-west-1,synthetic
syn-0030,94.58,2.02,1,15,ap-south-2,synthetic
syn-0203,95.42,18.53,8,51,us-west-2,synthetic
syn-0290,95.49,1.46,2,5,ap-south-1,synthetic
syn-0446,97.1,4.68,1,17,eu-west-1,synthetic
syn-0036,97.86,4.76,1,17,ap-south-2,synthetic
syn-0184,98.0,5.8,1,30,eu-north-1,synthetic
syn-0010,98.03,4.7,8,25,ap-south-2,synthetic
syn-0493,98.23,5.72,1,10,ap-south-2,synthetic
syn-0447,98.34,2.66,1,51,us-east-1,synthetic
syn-0324,98.45,1.48,1,14,eu-west-1,synthetic
syn-0459,98.59,1.02,1,50,ap-south-1,synthetic
syn-0264,98.62,23.58,4,30,eu-north-1,synthetic
syn-0001,99.2,0.63,1,25,us-east-1,synthetic
syn-0372,99.78,0.61,1,5,eu-north-1,synthetic
syn-0440,100.22,3.07,1,28,ap-southeast-1,synthetic
syn-0309,101.35,0.99,4,49,us-east-1,synthetic
syn-0078,101.42,17.06,1,42,ap-south-1,synthetic
syn-0348,101.64,6.62,1,19,eu-west-1,synthetic
syn-0441,101.73,64.93,8,33,ap-south-2,synthetic
syn-0139,102.45,6.8,8,25,ap-south-1,synthetic
syn-0195,102.49,2.27,1,51,eu-north-1,synthetic
syn-0285,102.53,0.28,1,49,us-west-2,synthetic
syn-0045,103.41,1.5,1,26,us-west-2,synthetic
syn-0249,103.6,0.49,1,49,us-east-1,synthetic
syn-0145,103.83,0.34,1,25,ap-southeast-1,synthetic
syn-0179,103.84,9.95,4,15,eu-central-1,synthetic
syn-0028,104.06,3.64,1,16,eu-west-1,synthetic
syn-0499,104.12,2.88,2,50,us-east-1,synthetic
syn-0374,104.63,8.11,1,33,eu-north-1,synthetic
syn-0486,105.05,15.09,4,16,eu-north-1,synthetic
syn-0412,105.32,0.84,2,49,eu-central-1,synthetic
syn-0160,106.13,4.79,1,17,ap-south-1,synthetic
syn-0367,106.43,13.0,8,6,eu-west-1,synthetic
syn-0243,106.53,0.7,1,13,ap-southeast-1,synthetic
syn-0107,106.75,5.34,2,7,ap-south-1,synthetic
syn-0238,106.97,10.61,1,23,ap-south-2,synthetic
syn-0306,107.05,0.82,1,49,us-east-1,synthetic
syn-0199,107.17,3.03,1,28,ap-south-1,synthetic
syn-0000,107.42,0.33,1,25,ap-south-2,synthetic
syn-0123,107.97,34.61,8,9,eu-north-1,synthetic
syn-0143,108.53,1.5,1,14,us-west-2,synthetic
syn-0101,108.59,3.33,1,8,eu-north-1,synthetic
syn-0413,108.62,1.33,2,13,ap-south-2,synthetic
syn-0256,108.65,3.53,1,8,eu-central-1,synthetic
syn-0077,108.8,2.15,4,25,eu-north-1,synthetic
syn-0204,108.91,1.35,1,26,eu-central-1,synthetic
syn-0092,109.17,21.62,4,18,us-west-2,synthetic
syn-0064,109.28,38.59,8,53,eu-north-1,synthetic
syn-0200,109.29,1.35,1,26,eu-central-1,synthetic
syn-0138,109.51,0.78,1,25,ap-southeast-1,synthetic
syn-0333,109.81,0.64,1,49,us-east-1,synthetic
syn-0237,109.83,2.6,4,25,ap-south-1,synthetic
syn-0361,109.95,6.01,1,55,eu-west-1,synthetic
syn-0389,109.97,4.84,1,29,us-west-2,synthetic
syn-0254,110.66,7.54,4,26,us-east-1,synthetic
syn-0032,112.2,26.18,8,16,eu-central-1,synthetic
syn-0019,112.39,11.41,1,24,us-west-2,synthetic
syn-0212,113.02,1.19,1,14,ap-south-2,synthetic
syn-0353,113.85,14.81,1,39,ap-south-1,synthetic
syn-0239,114.98,2.78,1,51,ap-south-1,synthetic
syn-0494,115.24,25.7,8,16,ap-southeast-1,synthetic
syn-0466,115.79,2.46,1,27,eu-north-1,synthetic
syn-0395,116.23,1.1,4,25,eu-west-1,synthetic
syn-0329,116.45,11.9,4,15,us-east-1,synthetic
syn-0345,116.54,5.48,4,26,eu-north-1,synthetic
syn-0460,117.74,1.0,1,14,ap-southeast-1,synthetic
syn-0416,117.75,11.02,8,26,us-west-2,synthetic
syn-0295,117.85,19.19,8,27,ap-southeast-1,synthetic
syn-0391,117.95,0.25,1,25,ap-south-2,synthetic
syn-0350,118.38,8.2,4,7,ap-south-1,synthetic
syn-0018,118.92,0.6,1,25,eu-north-1,synthetic
syn-0190,119.07,4.0,4,50,eu-north-1,synthetic
syn-0084,119.24,1.63,1,50,ap-south-2,synthetic
syn-0390,120.4,0.26,1,5,eu-west-1,synthetic
syn-0393,120.42,3.9,1,16,ap-southeast-1,synthetic
syn-0033,120.56,1.81,2,49,ap-south-1,synthetic
syn-0048,120.68,0.29,1,49,ap-south-2,synthetic
syn-0146,121.16,4.3,1,29,eu-central-1,synthetic
syn-0378,121.56,1.04,1,6,ap-southeast-1,synthetic
syn-0164,122.15,13.5,2,19,ap-south-2,synthetic
syn-0334,122.64,4.31,1,9,eu-west-1,synthetic
syn-0496,123.18,3.34,1,8,us-west-2,synthetic
syn-0456,123.8,0.25,1,49,eu-west-1,synthetic
syn-0245,124.26,1.44,1,6,ap-southeast-1,synthetic
syn-0289,125.64,1.98,1,14,ap-south-2,synthetic
syn-0401,126.03,0.25,1,25,eu-north-1,synthetic
syn-0271,126.23,14.02,8,50,us-west-2,synthetic
syn-0104,126.7,6.57,2,52,eu-west-1,synthetic
syn-0448,126.84,7.63,4,26,eu-north-1,synthetic
syn-0368,127.15,1.4,1,26,eu-north-1,synthetic
syn-0071,127.71,36.0,8,17,eu-north-1,synthetic
syn-0366,127.88,7.42,4,6,us-east-1,synthetic
syn-0276,127.93,2.4,1,15,us-west-2,synthetic
syn-0150,128.2,5.46,8,49,eu-central-1,synthetic
syn-0186,128.42,22.73,8,51,us-east-1,synthetic
syn-0384,128.94,1.12,1,26,ap-south-2,synthetic
syn-0176,128.99,2.09,1,7,eu-central-1,synthetic
syn-0118,129.19,1.8,1,14,us-west-2,synthetic
syn-0214,129.19,24.64,8,52,us-east-1,synthetic
syn-0175,129.22,1.53,1,14,ap-southeast-1,synthetic
syn-0491,129.53,13.82,8,14,eu-west-1,synthetic
syn-0196,129.56,3.86,2,26,eu-north-1,synthetic
syn-0449,130.06,4.06,1,17,ap-southeast-1,synthetic
syn-0323,130.09,28.24,4,56,us-east-1,synthetic
syn-0170,130.19,3.74,1,52,eu-central-1,synthetic
syn-0126,130.51,3.72,1,16,us-east-1,synthetic
syn-0114,130.71,2.26,1,7,eu-north-1,synthetic
syn-0049,130.77,14.99,4,28,ap-south-2,synthetic
syn-0288,130.87,11.81,4,27,eu-central-1,synthetic
syn-0247,130.9,2.24,1,7,eu-north-1,synthetic
syn-0167,131.26,4.25,1,17,ap-south-1,synthetic
syn-0062,131.48,1.28,1,14,us-east-1,synthetic
syn-0325,132.21,0.9,1,25,ap-southeast-1,synthetic
syn-0202,132.38,9.83,2,9,eu-north-1,synthetic
syn-0140,132.59,0.52,1,25,ap-southeast-1,synthetic
syn-0241,132.8,3.81,1,8,eu-central-1,synthetic
syn-0161,132.91,1.16,1,50,us-west-2,synthetic
syn-0152,132.95,12.86,1,17,us-west-2,synthetic
syn-0173,133.34,1.1,1,26,ap-south-1,synthetic
syn-0236,133.55,14.58,8,26,eu-north-1,synthetic
syn-0304,133.72,34.24,8,9,eu-west-1,synthetic
syn-0191,133.85,0.85,2,49,eu-central-1,synthetic
syn-0484,134.06,8.86,4,51,us-east-1,synthetic
syn-0403,134.2,13.21,2,55,eu-west-1,synthetic
syn-0263,134.32,1.11,1,26,us-west-2,synthetic
syn-0250,135.08,0.95,1,49,eu-west-1,synthetic
syn-0469,135.09,17.39,4,9,us-east-1,synthetic
syn-0180,135.19,1.64,1,14,ap-southeast-1,synthetic
syn-0320,135.44,92.95,8,36,eu-central-1,synthetic
syn-0297,135.59,4.73,1,9,us-west-2,synthetic
syn-0020,135.66,1.63,1,14,ap-south-1,synthetic
syn-0260,136.11,17.56,4,9,eu-central-1,synthetic
syn-0120,136.38,2.34,1,7,eu-west-1,synthetic
syn-0427,136.52,9.74,4,7,us-east-1,synthetic
syn-0081,136.68,1.25,1,50,us-east-1,synthetic
syn-0439,137.84,0.92,2,13,us-west-2,synthetic
syn-0063,138.15,62.21,8,32,us-east-1,synthetic
syn-0217,138.32,3.09,1,52,us-east-1,synthetic
syn-0342,140.13,11.64,8,14,eu-north-1,synthetic
syn-0242,140.9,29.16,4,32,ap-south-1,synthetic
syn-0278,142.32,34.36,8,53,us-east-1,synthetic
syn-0483,142.46,8.67,1,13,us-east-1,synthetic
syn-0023,142.58,0.88,1,5,us-east-1,synthetic
syn-0286,144.47,5.75,1,18,us-east-1,synthetic
syn-0481,144.54,0.99,1,49,ap-southeast-1,synthetic
syn-0012,144.61,7.84,2,16,eu-west-1,synthetic
syn-0365,144.88,1.42,1,14,eu-central-1,synthetic
syn-0477,144.95,7.81,1,12,ap-south-1,synthetic
syn-0087,145.16,0.87,4,25,ap-south-1,synthetic
syn-0272,145.37,1.2,4,25,us-east-1,synthetic
syn-0093,146.56,34.43,1,83,ap-south-2,synthetic
syn-0149,146.66,4.23,1,9,ap-south-2,synthetic
syn-0013,147.14,4.95,1,29,eu-central-1,synthetic
syn-0281,147.27,2.62,1,27,eu-central-1,synthetic
syn-0344,147.49,5.06,2,7,us-east-1,synthetic
syn-0031,147.72,13.8,1,38,ap-south-1,synthetic
syn-0038,148.08,8.28,2,29,ap-south-2,synthetic
syn-0315,148.42,2.15,2,14,us-west-2,synthetic
syn-0218,149.36,2.68,1,27,ap-south-1,synthetic
syn-0426,149.74,8.87,2,53,ap-south-1,synthetic
syn-0337,150.34,2.94,2,14,ap-southeast-1,synthetic
syn-0346,150.7,5.0,4,14,ap-south-2,synthetic
syn-0116,151.08,0.36,1,25,eu-west-1,synthetic
syn-0423,151.22,2.67,1,27,eu-west-1,synthetic
syn-0178,151.54,30.11,8,16,us-east-1,synthetic
syn-0056,152.36,1.15,2,49,ap-southeast-1,synthetic
syn-0464,153.89,2.3,1,27,us-west-2,synthetic
syn-0319,154.1,35.28,8,53,ap-southeast-1,synthetic
syn-0322,154.21,4.79,1,9,ap-southeast-1,synthetic
syn-0265,154.34,2.63,2,6,eu-west-1,synthetic
syn-0300,154.6,46.48,8,18,eu-central-1,synthetic
syn-0124,154.82,0.34,1,5,ap-south-1,synthetic
syn-0151,156.32,1.41,1,6,eu-central-1,synthetic
syn-0189,156.47,7.12,1,32,us-west-2,synthetic
syn-0252,156.59,1.51,8,5,us-west-2,synthetic
syn-0198,156.75,3.23,1,16,eu-central-1,synthetic
syn-0340,157.31,1.13,1,50,ap-south-1,synthetic
syn-0201,157.36,4.43,1,53,us-east-1,synthetic
syn-0041,157.79,10.19,8,14,eu-west-1,synthetic
syn-0465,157.86,1.84,1,26,eu-west-1,synthetic
syn-0106,157.97,6.93,1,19,ap-south-2,synthetic
syn-0208,158.03,9.0,1,21,eu-west-1,synthetic
syn-0253,158.42,11.29,4,15,eu-north-1,synthetic
syn-0410,158.76,4.84,1,53,us-west-2,synthetic
syn-0453,158.88,3.51,2,26,eu-north-1,synthetic
syn-0108,158.92,1.45,2,5,us-west-2,synthetic
syn-0016,159.07,6.22,1,19,eu-west-1,synthetic
syn-0438,159.14,3.64,2,14,us-east-1,synthetic
syn-0075,159.2,2.77,1,7,ap-south-2,synthetic
syn-0166,159.25,1.23,2,25,ap-south-1,synthetic
syn-0291,159.38,9.58,1,22,us-east-1,synthetic
syn-0168,159.4,10.47,4,15,eu-north-1,synthetic
syn-0490,159.88,2.0,4,5,eu-north-1,synthetic
syn-0294,160.18,2.45,1,27,ap-southeast-1,synthetic
syn-0302,160.29,0.25,1,13,us-west-2,synthetic
syn-0380,160.45,2.87,2,6,us-east-1,synthetic
syn-0194,160.72,2.56,1,51,eu-north-1,synthetic
syn-0418,161.3,7.49,2,52,ap-southeast-1,synthetic
syn-0226,161.63,15.25,8,26,eu-central-1,synthetic
syn-0381,161.67,7.03,1,12,ap-south-1,synthetic
syn-0394,161.93,4.7,2,27,ap-southeast-1,synthetic
syn-0405,162.0,2.94,1,7,ap-south-2,synthetic
syn-0404,162.26,12.14,2,19,eu-west-1,synthetic
syn-0387,162.98,3.02,1,16,us-west-2,synthetic
syn-0347,163.38,12.72,1,25,us-east-1,synthetic
syn-0293,163.68,3.74,1,28,ap-south-2,synthetic
syn-0181,163.86,2.34,1,15,eu-north-1,synthetic
syn-0274,164.47,9.89,1,58,ap-south-2,synthetic
syn-0474,164.53,2.17,1,15,ap-south-2,synthetic
syn-0409,164.83,1.51,2,25,eu-central-1,synthetic
syn-0313,167.52,7.18,2,52,eu-west-1,synthetic
syn-0358,167.57,1.64,1,26,eu-central-1,synthetic
